{
  "version": 1,
  "updated": "2025-09-18T11:42:53",
  "labels": [
    "Hoest",
    "Normaal",
    "Hartslag",
    "Piep (Wheeze)",
    "Knetter (Crackle)"
  ],
  "meta_defaults": {
    "gender": "",
    "age": "",
    "location": ""
  },
  "filter_defaults": {
    "lowcut": 80,
    "highcut": 3000,
    "order": 4
  },
  "stft_params": {
    "nperseg": 1024,
    "hop": 256,
    "window": "hann"
  },
  "dataset_notes": "Pas labels of defaults hier aan; wijzigingen kun je in de app herladen via 'Herlaad labels.json'."
}